date,geo,hashtags,id,text,type,username
2019-07-07 22:17:22+00:00,,,1147993034732126208,"Torres Strait this in not the question @angiemartinez We're representing Torres Strait at our ""TAJABOONLANDIA la fiesta"" a little Muscle Man foreplay FAQ A 4.70 magnitude earthquake has occurred near Torres Strait, QLD, Australia at 18:54 UTC! http://earthquak.es/ems_201907_776853 …pic.twitter.com/V3Gb827fWE – at Savannah at Southport",official,EmperorHughes
2019-07-07 20:46:20+00:00,,,1147970123669467136,Completely not related in time or space. We have faults in CA so we have earthquakes. No other connection.,official,mwgjerde
2019-07-07 18:44:11+00:00,,,1147939383841939456,my twitter feed rn be like: -hot girl summer -stranger things -men ain’t shit -asap rocky -cameron boyce -earthquake -kawhi -cameron boyce -musty ppl eating ice cream in stores -cameron boyce https://twitter.com/imlowkeycool/status/1147564422266679296 …,official,youngmarriii
2019-07-07 18:31:40+00:00,,,1147936235387674624,"A swarm of 1,000 earthquakes hit Southern California — how nervous should we be? » @angiemartinez Hot fun in the city?https://www.foxnews.com/science/swarmageddon-of-1000-earthquakes-hit-southern-california-should-they-be-nervous … – at Savannah at Southport",official,EmperorHughes
2019-07-07 15:51:57+00:00,,,1147896038407036928,I didn’t feel any hint of earthquake here in Sacto,official,tisha_f
2019-07-07 14:32:30+00:00,,,1147876047058157568,Yeah I'm good partner in crime. We didn't feel either earthquake. I hope it stays that way!,official,Jeradiah3
2019-07-07 10:47:39+00:00,,,1147819462474625024,"@angiemartinez A 2.55 magnitude earthquake has occurred near Edwards Air Force Base, CA at 07:19 UTC! http://earthquak.es/ci38473127 pic.twitter.com/XQ9v6FdcQv – at Savannah at Southport",official,EmperorHughes
2019-07-07 10:39:26+00:00,,,1147817394024247296,"@angiemartinez A 3.38 magnitude earthquake has occurred near Searles Valley, CA Felt by people little damage at 10:32 UTC! http://earthquak.es/ci38474959 pic.twitter.com/RsJJ6ZpLjF – at Savannah at Southport",official,EmperorHughes
2019-07-07 07:18:36+00:00,,,1147766851994185729,So to the people that were going to the bathroom during the earthquake- Was the toilet water a wavepool? And if it was did it splash on your butt?,official,iHazDainBramage
2019-07-07 06:53:53+00:00,,,1147760631321227265,"Am I stoned, or am I feeling an earthquake?",official,allyfosheezy
2019-07-07 03:40:10+00:00,,,1147711882733613056,Earthquake in California... https://twitter.com/NewsBreaking/status/1147364702567063552 …,official,DrueRoyalty
2019-07-07 02:42:58+00:00,,,1147697484224839685,"I don’t care what people tell you, but LA definitely has 4 seasons: Pilot, Earthquake, Fire and Award.",official,JuliePetrone
2019-07-07 01:05:56+00:00,,,1147673066526449665,Call us if you need help with Earthquake Insurance 877 851 7867 http://www.letsinsure.org @California https://www.instagram.com/p/BzmLJVfnmbj/?igshid=1grnqfcn8f2ml …,official,LetsInsure
2019-07-07 00:54:17+00:00,,#beprepared,1147670136360357888,We didn’t even feel them. I’m just really scared now. And I’m putting together like a whole plan for natural disasters and a kit and stuff in case we have to evacuate for fires or floods or earthquakes or whatever it might be. #beprepared,official,the_real_stacie
2019-07-07 00:33:37+00:00,,#Earthquake,1147664935050043392,"Prayers to all affected by the LA 7.1 #Earthquake & all the aftershocks afterwards, an aftershocked of 5.4 can be feltb& do damage too. Hope all is safe & not so much damage & destruction...extra prayers to those living in Southern California, very scary.",official,nickibabylove
2019-07-07 00:31:28+00:00,,#earthquake #RidgecrestEarthquake #PeoplePowerpic,1147664391531159552,"Visit our updated website for opportunities to support #earthquake response/relief efforts. In our charge to coordinate donations in times of disaster, we will provide updates with ways for the public to take action. https://californiavolunteers.ca.gov #RidgecrestEarthquake #PeoplePowerpic.twitter.com/Ft65M8S7JC",official,CalVolunteers
2019-07-07 00:19:07+00:00,,#RidgecrestEarthquake,1147661284743081984,"In response to the two major earthquakes near the town of Ridgecrest, California, from July 4 and July 5, California Volunteers continues to coordinate with state and local partners to determine the need for donations and volunteers. #RidgecrestEarthquake",official,CalVolunteers
2019-07-07 00:08:21+00:00,,#CAEarthquakepic,1147658576288047104,Shopping for a new dinning room table... cause earthquakes. #CAEarthquakepic.twitter.com/ssirXZ1IAD,official,the_real_stacie
2019-07-06 23:36:31+00:00,,,1147650565880463360,"Ciudad Morelos @angiemartinez A 2.11 magnitude earthquake has occurred near Heber, CA at 15:34 UTC! http://earthquak.es/ci38465111 pic.twitter.com/wgCkXUpgM5 – at Savannah at Southport",official,EmperorHughes
2019-07-06 23:13:34+00:00,,,1147644790470610944,Now she is a predicting earthquake guess what this earthquake wasnt on the san Andreas fault line pic.twitter.com/tZ8DK6S0SQ,official,cathysimon171
2019-07-06 22:38:48+00:00,,,1147636039189581825,"@angiemartinez Nos desde Ciudad Morelos acerca las tremblares muchas amor et Las oraciones A 2.11 magnitude earthquake has occurred near Heber, CA at 15:34 UTC! http://earthquak.es/ci38465111 pic.twitter.com/8NRTcDgMUr – at Savannah at Southport",official,EmperorHughes
2019-07-06 22:22:13+00:00,,,1147631865211154432,"I'll be fine, Ren. I didn't experience any bad earthquakes here for some reason, but I did hear about the quake at Disneyland. It seems whenever there is a quake in California, the city I reside in remains untouched... Are we not good enough for you, earthquakes?",official,Zerukin
2019-07-06 21:39:28+00:00,,,1147621106716594176,Years ago I did some work for SMIP the state agency that places and monitors Earth Quake monitoring devices..There were literally thousands that we monitored. They were so sensitive that we often got a false read. Like if it was placed in a parking garage & a car drove by it.,official,Plaidypus07
2019-07-06 21:29:07+00:00,,,1147618503727431680,Last night these globes of my dining room light fixture started clinking against each other and we knew right away it was an earthquake. It made me realize I hadn’t thought about that ever being an issue. Sacramento… https://www.instagram.com/p/BzlyU11p0Dv/?igshid=10vtd3nh93z7r …,official,rwarddesign
2019-07-06 20:06:04+00:00,,,1147597602034081792,Did no one else do earthquake drillls in school or ?? She smart lol i wouldn’t wanna die from a mf studio light or some shit falling on me https://twitter.com/FlynnAlKapone/status/1147349713366077440 …,official,jennafordd
2019-07-06 18:44:47+00:00,,,1147577148682620928,Omg i hope u surivvived the earthquake ur ass is sooo fat,official,miIksosa
2019-07-06 18:36:55+00:00,,,1147575167201136640,"Didn't you mean ""bad earthquake""? Lol.",official,Bryan_Barton
2019-07-06 17:42:17+00:00,,,1147561417156939776,Everybody in Southern California knows Dr Lucy! She IS the earthquake expert for all media! Wonderful! https://twitter.com/sacbee_news/status/1147548362255872009 …,official,mwgjerde
2019-07-06 17:33:42+00:00,,,1147559256935157761,"Thank you, Hannah’s Meemaw. Donny will probably say we caused the earthquakes with our windmills. After all, we caused the forest fires because we didn’t sweep the forest floors. https://twitter.com/HMeemaw/status/1147521888467529728 …",official,CSundin2
2019-07-06 17:23:27+00:00,,#earthquake #caleg #EarthquakeResponse #California #CA,1147556680470630400,"In the meantime, please follow @Cal_OES for the latest news and updates on response efforts. #earthquake #caleg #EarthquakeResponse #California #CA",official,CalVolunteers
2019-07-06 17:21:22+00:00,,#earthquakes #Updates #volunteer #donation #Earthquake,1147556153406050304,"We ask for the public’s patience while we determine the need for volunteers and donations in response to recent #earthquakes. We’re coordinating with local/state partners now. #Updates will be posted here, and our website, on potential #volunteer and #donation needs. #Earthquake",official,CalVolunteers
2019-07-06 17:12:58+00:00,,,1147554042781941760,I live in California. I've been through several earthquakes. Yet tornados scare the shit out of me.,official,tkheller916
2019-07-06 17:10:51+00:00,,,1147553510075932672,So thankful to not be experiencing this. Safe in earthquake-free Sacramento. https://twitter.com/BuzzFeedNews/status/1147550764010622976 …,official,grimethehouse
2019-07-06 17:10:39+00:00,,,1147553457978523654,I hope y’all are ok after the two earthquakes,official,SLM012011
2019-07-06 16:51:55+00:00,,,1147548741521428480,A 7.1 earthquake happening closer to SF would cause significant damage.,official,lixiari
2019-07-06 16:42:41+00:00,,#haveaplan #beprepared #earthquakes #fires #davisfire #davisfirefighters #daviscommunity,1147546420527939586,"Earthquakes, Fires, Power Outages or any Emergency.....Don’t be caught unprepared. #haveaplan #beprepared #earthquakes #fires #davisfire #davisfirefighters #daviscommunity @Davis, California https://www.instagram.com/p/BzlRjcihoQN/?igshid=1icp48a9kpmii …",official,cityofdavisfire
2019-07-06 16:36:02+00:00,,#laearthquake #earthquake #socal #california #whenyougottagoyougottago #bathroom #restroom #praying #toilet #humor #earth #quake,1147544745754992642,(118) Moments after the first earthquake. #laearthquake #earthquake #socal #california #whenyougottagoyougottago #bathroom #restroom #praying #toilet #humor #earth #quake @California https://www.instagram.com/p/BzlQy0jAmJD/?igshid=8m3cog69qbjy …,official,TheSebazy
2019-07-06 16:32:28+00:00,,,1147543850048606208,"This is the scariest, funniest and most informative article on what to do during an earthquake. https://twitter.com/LAist/status/1147376361448857601 …",official,LouAyon
2019-07-06 15:57:08+00:00,,,1147534956991664129,"That’s not where the earthquake was, and that’s not how aftershocks work.. https://twitter.com/marwilliamson/status/1147364138492018688 …",official,katie_hanz
2019-07-06 15:07:44+00:00,,#Earthquake #earthquakes #EarthquakeLA #earthquakecalifornia #Earthquake71,1147522523078115333,I hope everyone is alright from that 7.1 #Earthquake. #earthquakes #EarthquakeLA #earthquakecalifornia #Earthquake71.,official,TheBadassNinja
2019-07-06 14:55:40+00:00,,,1147519489656807424,Donny knows CA is part of the U.S. He just hates us. We don’t vacuum the forests like he said we should. I wonder what his brilliant prevention tactics will be for earthquakes. https://twitter.com/akkitwts/status/1147496105770475522 …,official,CSundin2
2019-07-06 14:52:18+00:00,,,1147518638951297024,It’s understandable to be scared. After the Loma Prieta earthquake I would wake up constantly feeling after shocks even when there were none. I was so happy to move out of the Bay Area. We lived in Huntington Beach for many years and I never felt one the entire time. Stay alert . https://twitter.com/PauleyP/status/1147460201005535232 …,official,DeeNoel01
2019-07-06 14:47:15+00:00,,,1147517369738153984,If the earth keeps fuckin around with these earthquakes San Francisco is about to be an island,official,justinridesmx53
2019-07-06 14:25:43+00:00,,,1147511952140197888,Governor of California declares State of Emergency for San Bernardino following powerful earthquake https://twitter.com/i/events/1147353512637947904 …,official,BayAreaFan19
2019-07-06 13:55:30+00:00,,,1147504347023990785,Governor of California declares State of Emergency for San Bernardino following powerful earthquake https://twitter.com/i/events/1147353512637947904 …,official,doc_mbreezee
2019-07-06 13:50:09+00:00,,,1147503000128110594,@USGS says there’s a 4% chance that the M7.1 could trigger a larger earthquake. Small % but keep in mind the M6.4 on the 4th had a 9% chance and it did.,official,rabidmarmot
2019-07-06 13:39:20+00:00,,#earthquakes,1147500278276476931,These are all the earthquakes (both big and small) that have occurred in Southern California over the past 12-24 hrs. https://earthquake.usgs.gov #earthquakes pic.twitter.com/2lc4vwnwue,official,lixiari
2019-07-06 13:34:17+00:00,,,1147499009306529792,I just woke up and Woj has managed to deliver a bigger earthquake than the one that hit LA last night,official,fergmilligan
2019-07-06 13:05:48+00:00,,,1147491839915618304,"Most of Ridgecrest is newer single family wood frame houses, these do fairly well in earthquakes. I can’t recall any old masonry buildings there.",official,rabidmarmot
2019-07-06 12:47:55+00:00,,#earthquake #Ridgecrest #Sacramento #CAwx,1147487337481461760,WOW!! My Uncle Raymond sent me a video of the magnitude 7.1 #earthquake in #Ridgecrest sloshing water out of his pool nearly 400 miles away in the #Sacramento area! #CAwx : Raymond Cusimanopic.twitter.com/H34VwXjEMX,official,DylanFedericoWX
2019-07-06 11:41:31+00:00,,#journalismlife #deadlines #welcometosocal,1147470628808605697,I was in downtown LA in 1994 covering the Northridge earthquake when a lab tech ran out of the building during an after shock as I had my film processed. I was like get back in there I have a deadline to meet. #journalismlife #deadlines #welcometosocal,official,HectorJAmezcua
2019-07-06 09:59:50+00:00,,,1147445037531222017,"Stf! Up about that earthquake fu y’all ain’t really down to die, bet.",official,hexdick
2019-07-06 09:47:01+00:00,,#earthquake,1147441812602150912,The Vibes are back as people in Southern California feel the #earthquake pic.twitter.com/n2cBB3lGjp,official,itzChRisUbish
2019-07-06 09:45:07+00:00,,,1147441337265840128,Talking about the earthquake but you still order straws and plastic bags.,official,Polethcuevas_
2019-07-06 09:02:28+00:00,,,1147430600854233089,did anyone else feel that earthquake?,official,bbelladiaz
2019-07-06 09:01:08+00:00,,,1147430265561550848,California Governor’s Office of Emergency Services (Cal OES) Operations Center is filling up. Pulling people back from the long holiday weekend takes time as people are all over the state and country. This is the difficult part of an earthquake - no warning.,official,rabidmarmot
2019-07-06 08:41:30+00:00,,,1147425324973481984,Limited info on earthquake damage until dawn,official,rabidmarmot
2019-07-06 08:23:28+00:00,,,1147420788250644480,Come on cuhz all we have to worry about out here is flooding. Unless it’s some end of the world type earthquake we’ll be fine (hopefully) lmao,official,ThatDudeShan
2019-07-06 08:20:32+00:00,,,1147420047771496448,We’re gonna be one of the few remaining parts of California left. Sac doesn’t get earthquakes we catch some Bay Area aftershocks but that’s it. https://twitter.com/MG_Boaa/status/1147416976920174592 …,official,ThatDudeShan
2019-07-06 08:20:03+00:00,,,1147419928850337792,Saw a lot of people say they were dizzy during the earthquake. This explains it. https://twitter.com/AngelJennings/status/1147398614768996354 …,official,newsbabe1530
2019-07-06 08:17:43+00:00,,,1147419338846007298,"FEMA’s role is to back the State Government on responding to the M7.1 earthquake. Cal OES is in the driver’s seat. FEMA can use our federal partners ( @USGS @USACEHQ etc) to also help the State. FEMA does not take over the operations, that only happens in Hollywood.",official,rabidmarmot
2019-07-06 08:14:31+00:00,,,1147418536639266817,Say some prayers tonight . Everyone be safe out there with all these earthquakes going on .,official,mariimoneyy
2019-07-06 07:58:45+00:00,,,1147414568290803712,"(The soul of Mexico ). State of Michoacán @angiemartinez This was a hour or so before your tweet you too stay safe Well received your stay safe honestly mad love have some demi A 5.50 magnitude earthquake has occurred near CA, United States at 03:47 UTC! http://earthquak.es/ci38457687 pic.twitter.com/5opZyqg1ne – at Savannah at Southport",official,EmperorHughes
2019-07-06 07:50:56+00:00,,,1147412602370347008,"West Coast Family A 4.80 magnitude earthquake has occurred near Ridgecrest, CA United States at 04:13 UTC! That's about the time of your tweet My West Coast family officials say more after shocks to come this 4.80 on Richter @angiemartinez East coast fam http://earthquak.es/us70004bqm pic.twitter.com/GnXGQ4fV2q – at Savannah at Southport",official,EmperorHughes
2019-07-06 07:41:47+00:00,,,1147410296446656512,"I slept through that earthquake like a baby, hope everyone is safe in SoCal",official,SabSilv
2019-07-06 07:38:36+00:00,,,1147409498098847744,Over 1400 aftershocks after a 6.6 earthquake July 4th and a 7.1 July 5th! Praying the activity stops extremely quick and that my friends and the babies (animals duh ) remain safe. I hate… https://www.instagram.com/p/BzkTSAgh9ZXCaezQiY8yD_O2firM0BYKwl9qkk0/?igshid=yo56myq4sdu9 …,official,AimeeSanders
2019-07-06 07:21:31+00:00,,#Survivor,1147405199109021696,You survived a huricane and now an earthquake #Survivor,official,VanessaSTP47
2019-07-06 07:21:29+00:00,,,1147405191139868672,Is The BIG ONE going to happen? 2 Earthquakes in 2 days..... Stay READY CALIFORNIA! Always (~*LOVE~),official,DrueRoyalty
2019-07-06 07:20:25+00:00,,,1147404920670134273,This is more of a “freight train” earthquake https://twitter.com/NBCLA/status/1147378585608622080 …,official,newsbabe1530
2019-07-06 07:13:36+00:00,,,1147403205128515586,This guy knows his stuff about earthquakes. The Richter Scale developed by Charles Richter in 1935 was used to measure earthquakes for decades. Scientists now use the moment magnitude scale. https://twitter.com/phaneritic/status/1147396889152634880 …,official,newsbabe1530
2019-07-06 07:09:25+00:00,,,1147402153968848902,This is the first year I’m not living in SoCal and 2 scary ass earthquakes happen,official,SugeilyLopez
2019-07-06 07:09:14+00:00,,,1147402107739185154,oh nvm my mom said she felt the earthquake i guess i was too involved in watching jojo to notice,official,mrpigeonz
2019-07-06 07:06:05+00:00,,,1147401313635856384,Watching @kwhudnut share his earthquake expertise from the Bakersfield news conference. Great person to follow for tips and information on earthquakes.,official,MediaBrandi
2019-07-06 07:04:10+00:00,,,1147400833056702465,"I know! When I was a reporter for AP in LA they made us study earthquakes. You’re much better with the math and magnitude. Point is, an earthquake greatly increases in intensity with each higher number. https://twitter.com/phaneritic/status/1147399676292767744 …",official,newsbabe1530
2019-07-06 06:58:47+00:00,,#apocalypse,1147399476107079680,Trip on some Tits & not the impending #apocalypse after deez earthquakes pic.twitter.com/V2pX354dLf,official,LaszloaBishop
2019-07-06 06:58:38+00:00,,,1147399439608250368,i’ve never experienced an earthquake but i’ve experienced terrible smoke and a real threat of wildfire and also flooding. welcome to california,official,mrpigeonz
2019-07-06 06:56:00+00:00,,,1147398777591848960,Lmfao what earthquake?,official,theysaydanny
2019-07-06 06:53:35+00:00,,,1147398168432136192,everyone in cali is joking about these earthquakes but when the real thing happens the only person who’s gonna be laughing is mother nature looking down at us like we clowns,official,sunflwrlily
2019-07-06 06:45:24+00:00,,,1147396106994610177,WE ARE LIVE with updates from the CA State leadership for Ridgecrest 2nd major earthquake. https://youtu.be/LEjtEDcqciM – at Office of Emergency Services,official,Cal_OES
2019-07-06 06:43:53+00:00,,,1147395727699501057,"L.A. EARTHQUAKE 7.1 ,..And DEMS ARE WORKING on who their gonna blame for it. GUESS WHO ! LOL . Watch !",official,okpoppa
2019-07-06 06:41:48+00:00,,,1147395201935106048,It would be good to be in a pool on a floatie when an earthquake hits. https://twitter.com/ny2socali/status/1147347734405378049 …,official,newsbabe1530
2019-07-06 06:30:53+00:00,,,1147392456180191233,Robust. Good word. To describe the economy but not a scary earthquake! https://twitter.com/karenbates/status/1147378342166794241 …,official,newsbabe1530
2019-07-06 06:20:03+00:00,,,1147389729479880706,I was a reporter in LA for 10 years. Sometimes I’d chase big number earthquakes in remote areas that caused no damage and smaller quakes in populated areas that were serious. A 7.1 in downtown LA would be devastating. https://twitter.com/kcraFinan/status/1147382229405798400 …,official,newsbabe1530
2019-07-06 06:17:01+00:00,,#KawhiWatch2019,1147388966380818433,That explains all the earthquakes then #KawhiWatch2019,official,johnrt89
2019-07-06 06:09:27+00:00,,#california #cali #californiaearthquake #earthquake #quake #safety #safetyfirst #survivalguide,1147387062984646656,just posted on youtube my thoughts on the current situation of earthquakes is Californians are in stay safe my friends #california #cali #californiaearthquake #earthquake #quake #safety #safetyfirst #survivalguide… https://www.instagram.com/p/BzkJFlAg3bd/?igshid=1tye16ukgrte2 …,official,SolTheReject
2019-07-06 06:05:06+00:00,,,1147385966555881477,That earthquake was PG13 and Kawhi ringing the Clippers lol,official,CallMeBiinX
2019-07-06 06:03:44+00:00,,,1147385623424032770,"So, while I didn't feel anything in my living room, my 8.5yo was in the kitchen &called out that the microwave looked like it was moving & she later told me it felt like she was slipping on the floor. We're in Sacramento. The Sacramento Bee reported the earthquake was felt here",official,Specneedsmom4
2019-07-06 05:58:58+00:00,,,1147384423093952512,The earthquakes were foreshocks of woj bombs https://twitter.com/wojespn/status/1147383639036092416 …,official,JeffKrisko
2019-07-06 05:48:11+00:00,,,1147381708414603264,That’s what our pool did during the 89 World Series Earthquake,official,andrealhoward
2019-07-06 05:34:31+00:00,,#earthquake,1147378270184173568,State leaders for emergency management are coordinating mutual aid and regional response from State Operations Center - focused on meeting the need in the Ridgecrest/Kern Co area. #earthquake @CAL_FIRE @theCaGuard @CHP_HQ @CaltransHQ @CAgovernor @GavinNewsompic.twitter.com/4xN7buWdkV – at Office of Emergency Services,official,Cal_OES
2019-07-06 05:31:14+00:00,,,1147377444560654337,These earthquakes got me thinking about this pic.twitter.com/Y0Or479f3y,official,LooksLikeVinny
2019-07-06 05:25:54+00:00,,,1147376102999904257,Just saying. Lol Also Ive never been in an earthquake,official,Hennyypapii
2019-07-06 05:25:15+00:00,,#Dateline #earthquake #postmates #oohboy #EarthquakeLA #sacramentopic,1147375938327339008,Have to stop watching #Dateline by myself at night... #earthquake #postmates #oohboy #EarthquakeLA #sacramentopic.twitter.com/XybtyLVjSb,official,jenarific
2019-07-06 05:23:46+00:00,,,1147375564220616715,everyone from norcal stfu about the earthquakes it’s not effecting u,official,sammmlol
2019-07-06 05:20:05+00:00,,,1147374636964859906,In Northern California earthquakes mean the lamp shake...that’s it...don’t freak out,official,missy_rose9
2019-07-06 05:17:40+00:00,,,1147374028149022720,"Tyler, The Creator: you make my earthquake the earth: alright BET",official,mikaelakenady
2019-07-06 05:14:58+00:00,,,1147373350685032453,"@kcraFinan thanks for the accurate and updated information you provide on the earthquakes/weather not only in the Sacramento area, but also across the State.",official,angie_novotny
2019-07-06 05:10:00+00:00,,,1147372098370670592,"@kcraFinan holy cow, 7.1 earthquakes are SCARY! I lived through the Loma Prieta earthquake in 1989. Depending on who you talk to, it registered 7.1 to 7.4 on the Richter scale.",official,angie_novotny
2019-07-06 05:06:04+00:00,,#toosoon #earthquake,1147371112486957056,I guess Zion was dunking so hard. He caused an earthquake! #toosoon #earthquake,official,Bassrunners
2019-07-06 05:03:51+00:00,,,1147370550873870337,7.1 earthquake,official,firebagger
2019-07-06 05:02:49+00:00,,,1147370293083553792,Damn earthquakes are scary,official,miIksosa
2019-07-06 05:01:25+00:00,,,1147369940971741184,"If California falls off into the ocean after another SoCal earthquake and you survive, be on the look out for big sharks. pic.twitter.com/6kMxFYZgGp",official,T64Pamela
2019-07-06 04:59:36+00:00,,,1147369484593721344,california is supposed to have a big ass earthquake let’s see if i survive the night,official,namtaecuIt
2019-07-06 04:57:31+00:00,,,1147368956816064512,i haven’t felt any of the earthquakes at all - im feeling left out :(,official,hoops_val_23
2019-07-06 04:54:30+00:00,,,1147368199152791552,I miss Kate Hutton. She was the Vin Scully of earthquakes https://twitter.com/cathleendecker/status/1147365636466782209 …,official,madrid_mike
2019-07-06 04:50:04+00:00,,,1147367083086209024,"sorry for causing an earthquake guys, i was shaking my ass too hard and accidentally broke the earth’s crust",official,raeuzumakii
2019-07-06 04:46:58+00:00,,#Earthquake,1147366303193169920,It seems my world lately is falling apart. Who cares what color the wine is at this point. #Earthquake,official,BrownskinCrazy
2019-07-06 04:43:59+00:00,,,1147365553121583104,Me rn I don’t think I even really know what an earthquake feels like lol https://twitter.com/CALLATAE/status/1147360394245099522 …,official,callieforrnia
2019-07-06 04:43:02+00:00,,,1147365314323070977,In Sacramento and felt the earthquake from Southern California. How crazy is that?!,official,muhikhwaja
2019-07-06 04:40:33+00:00,,,1147364688100855808,These earthquakes better stop before I get back to LA and have to work on a high rise on Monday,official,jazzlema
2019-07-06 04:32:38+00:00,,,1147362695718400000,"Only 13% of homeowners in California have earthquake insurance. Get @CalQuake covered, CA! You're homeowner's insurance doesn't cover earthquakes.",official,ctapio
2019-07-06 04:25:05+00:00,,#macktheadventurepug #cubertthepug,1147360796885823489,"It’s nice to know that these three will NOT, as a matter of fact, sense that an earthquake is coming and alert me. Nor will they care that one is happening @pugventurephoto #macktheadventurepug #cubertthepug… https://www.instagram.com/p/Bzj9IhjAgAF/?igshid=1ronmdnv53ddc …",official,kjrogers3
2019-07-06 04:22:36+00:00,,#Earthquake #EarthquakeInsurance #californiaearthquake #earthquakes,1147360172886695937,Got earthquake insurance for your property and personal belonging? Call us or visit our website: 8778517867 http://www.letsinsure.org #Earthquake #EarthquakeInsurance #californiaearthquake #earthquakes @California https://www.instagram.com/p/Bzj83ELH2qF/?igshid=u8jwpmz4e22q …,official,LetsInsure
2019-07-06 04:22:01+00:00,,,1147360023120474113,"when that hayward fault blow up, y’all definitely gon’ know what a earthquake feels like lmao",official,Kiwiuh
2019-07-06 04:21:03+00:00,,#JulyEarthquake,1147359780178034688,"I have family in the San Fernando Valley. They live in the same house today, as I did when I went to high school. I have @KNX1070 on my phone right now for earthquake updates. You can find this station on the @Radiodotcom app on your mobile and/or tablet device. #JulyEarthquake",official,SacTownBarnbaum
2019-07-06 04:18:05+00:00,,,1147359035030564864,Who in LA tryna fuck before y’all die from earthquakes,official,Lilvneck_
2019-07-06 04:16:09+00:00,,,1147358549468516352,"Earthquake Update from a @CBSSports Perspective: Many of you by now have heard that at approximately 8:23pm, a 7.1 Earthquake hit 11 miles from Ridgecrest, California. All remaining @NBASummerLeague games today have been cancelled, but the game goes on at @Dodgers Stadium in L.A.pic.twitter.com/Jto6Qaf4oU",official,SacTownBarnbaum
2019-07-06 04:13:38+00:00,,,1147357915554050050,Yeah but an earthquake 999/1000 isn’t gonna destroy your home. Odds wise it’s much safer. We’re chillin.,official,xcomatv
2019-07-06 04:08:03+00:00,,,1147356510441242626,We noticed the earthquake! This was about a minute after the pool water spilled over. There were waves in the shallow end. pic.twitter.com/JtrvxEkHA2 – at McKinley Village,official,SacGonzo
2019-07-06 04:03:50+00:00,,,1147355448196026368,Everybody talking about this earthquake that just happen.... I ain’t feel shit,official,THE_DavidMack
2019-07-06 04:03:49+00:00,,#earthquakes,1147355444865748993,Hope everyone in LA is okay. Those 7.1 earthquakes are scary and can cause a lot of damage. Was part of the Bay Area quake of 1989. #earthquakes,official,RFLRedZone
2019-07-06 04:03:07+00:00,,#earthquake #Ridgecrest,1147355268130336768,Came outside and saw the water in the pool calmly but strongly swaying back and forth. Watch how it rises and falls against the back tiles by at least 4 inches. This is what a 7.1 #earthquake in #Ridgecrest look like… https://www.instagram.com/p/Bzj6eXNnSxv/?igshid=rzpj1sa6mh0e …,official,ChicksWhoRock
2019-07-06 04:01:52+00:00,,,1147354952366321664,"People in our area and town are saying they felt it. We didn't feel it..Then again, I don't know what an earthquake feels like.",official,Plaidypus07
2019-07-06 03:59:42+00:00,,,1147354409396871168,I’ve never felt an earthquake in my life. I wish I was in SoCal for summer so I could’ve felt it lol,official,jaquij_
2019-07-06 03:57:07+00:00,,,1147353757123923968,I came to Cali with all this drip and they keep having earthquakes.,official,_AOwens
2019-07-06 03:56:48+00:00,,,1147353680846286848,This caused the Earthquake https://twitter.com/ringernba/status/1147331881890750465 …,official,Jeff_Brand
2019-07-06 03:55:14+00:00,,,1147353284367155202,all this earthquake shit got me scared.,official,DivineBrine
2019-07-06 03:51:09+00:00,,,1147352257446338561,fun fact: I’ve never felt an earthquake,official,BAAEDRIAN
2019-07-06 03:50:47+00:00,,,1147352165721104384,yeah wtf is with all the earthquakes i’m shook (lol) https://twitter.com/Voltron41/status/1147345360534114304 …,official,RattledStars
2019-07-06 03:48:44+00:00,,,1147351647279964161,I need to clear the accounts I follow...EVERY account yappin’ about earthquakes!,official,matthewjara
2019-07-06 03:46:51+00:00,,,1147351175290769409,Earthquake really felt in Sacramento?,official,pedrini9
2019-07-06 03:45:42+00:00,,,1147350886282215424,yo 2 big earthquakes so close in days is crazy!,official,alemunguiaxm
2019-07-06 03:43:12+00:00,,,1147350257421864962,Earthquake in LA. Felt in Sacramento. 400 miles away.,official,markpoletti
2019-07-06 03:40:45+00:00,,,1147349638803886080,“Game delayed due to earthquake” is crazy,official,CoachD3500
2019-07-06 03:39:12+00:00,,,1147349248012238849,apparently the norcal valley region is where you wanna be during an earthquake! both times i've been completely unaware until friends messaged me asking if i was okay x3 pic.twitter.com/IMRjRa5Oe8,official,Barc_en_Ciel
2019-07-06 03:35:43+00:00,,,1147348373239824385,the biggest earthquake in years and i didn’t feel it eye,official,sunflwrlily
2019-07-06 03:35:36+00:00,,,1147348342789115904,Why do I feel like these earthquakes have a weird connection to the closing of Kawhi’s decision?,official,MLHSCoachTelles
2019-07-06 03:34:29+00:00,,,1147348060768333824,EARTHQUAKE. And I'm on the 8th floor,official,chrisxherrera
2019-07-06 03:33:54+00:00,,,1147347917201522688,hey idk what’s going on but it is not normal for all these earthquakes..........,official,KTGOTBANDS
2019-07-06 03:33:48+00:00,,#earthquake #Sacramento #Aftershock,1147347890219520001,Wow I never felt an the aftershock of an earthquake like that before!!! That was freaky!!! #earthquake #Sacramento #Aftershock,official,Meagen_Goodwin
2019-07-06 03:33:23+00:00,,#Sacramento #earthquake,1147347786616016896,definitely felt it. #Sacramento #earthquake,official,Mr_Incognegro81
2019-07-06 03:33:07+00:00,,,1147347717003206656,Everyone on California twitter acting like they’ve never experienced a earthquake before pic.twitter.com/tTC8asvJWX,official,Kiwiuh
2019-07-06 03:33:04+00:00,,#EarthquakeLA,1147347706370637825,LA daughter just FaceTimed after new 7.1 earthquake. Said everyone’s nervous about getting more. #EarthquakeLA,official,newsbabe1530
2019-07-06 03:32:26+00:00,,#earthquake,1147347545015775232,Kawhi must’ve made his decision. #earthquake,official,gilbertgacilan
2019-07-06 03:32:21+00:00,,,1147347524279099393,I’d swear I felt that earthquake here in West Roseville - just before my sister in south LA county texted she got it.,official,Gossman1140
2019-07-06 03:31:17+00:00,,,1147347258733551616,@whitewinery earthquake!! Just felt it !!,official,monterolaw
2019-07-06 03:31:07+00:00,,#lingstitute2019,1147347215087591424,we are pretty sure the 7.1 earthquake even reached to davis! is that even possible? our light fixtures and curtains and such were swaying lightly! anybody else? #lingstitute2019,official,ryanlepic
2019-07-06 03:30:54+00:00,,#earthquake,1147347161568276481,Oh my god I felt that one here in Sacramento #earthquake,official,cchavesgabriela
2019-07-06 03:30:53+00:00,,,1147347155792748546,i hope everyone’s okay i didn’t feel the earthquake since i’m in sacramento it doesn’t hit that far,official,sunflwrlily
2019-07-06 03:29:14+00:00,,,1147346739789066240,I didn’t feel any earthquake wtff,official,cameronasti
2019-07-06 03:28:51+00:00,,,1147346644041527296,rather a earthquake than a tsunami or hurricane,official,Kiwiuh
2019-07-06 03:28:47+00:00,,,1147346626660327424,2 earthquakes in 2 days :/,official,AustinCoyle2358
2019-07-06 03:28:39+00:00,,,1147346596029317120,Back 2 back earthquakes in LA,official,ItsFredoYaBish
2019-07-06 03:28:33+00:00,,,1147346568606973952,Just felt an Earthquake that happened 300 miles away. My building was swaying,official,BoseQuinonez
2019-07-06 03:28:05+00:00,,,1147346452756103168,My whole twitter feed is about the earthquakes,official,Natsmakeupworld
2019-07-06 03:27:32+00:00,,,1147346314918682624,I didnt feel the earthquake in Sacramento but my mom did!,official,JeffKrisko
2019-07-06 03:27:09+00:00,,#earthquake #Sacramento,1147346217849913344,Anyone just feel an #earthquake in #Sacramento????????????,official,cchavesgabriela
2019-07-06 03:26:32+00:00,,,1147346060169191424,Shit you not.... in Sacramento and we just noticed all the chandeliers at Jodi’s parents house are swaying. Check Twitter. Big earthquake in LA. That’s crazy.,official,paulmitche11
2019-07-06 03:26:21+00:00,,,1147346016363958272,"Girl, what is up with all these earthquakes down south? We’re starting to feel left out in NorCal lol I don’t wanna jinx it now haha",official,RichieAguilar
2019-07-06 03:25:49+00:00,,,1147345882926288896,"Just felt an EARTHQUAKE in Sacramento, that doesn’t happen often!",official,Fetto12
2019-07-06 03:23:53+00:00,,,1147345394252206080,Damn Vegas hit with with a earthquake lol,official,KdubSoSolid
2019-07-06 03:23:36+00:00,,,1147345322164703232,Another earthquake in LA? that camera in dodgers game was shaking hella crazy,official,pedrini9
2019-07-06 03:22:49+00:00,,,1147345126257070080,Idk if we having an earthquake or if I need to put the blunt down,official,AmariaRosee
2019-07-06 03:20:07+00:00,,,1147344445454467072,LA had a another Earthquake,official,GHernandez916
2019-07-05 23:02:01+00:00,,,1147279492601307136,"How close is this to your beautiful blessed place of birth my lovely @angiemartinez Now this today A 1.10 magnitude earthquake has occurred near Ocotillo, CA at 22:50 UTC! http://earthquak.es/ci38455767 pic.twitter.com/JCzo4yVRSM – at Savannah at Southport",official,EmperorHughes
2019-07-05 22:48:44+00:00,,,1147276151108190211,"My Earthquake Alerts - Track Earthquakes Worldwide View and track earthquakes worldwide - including US, Nepal and Japan earthquakes, updated automatically. @DalaiLama @angiemartinez https://ktla.com/2019/07/05/magnitude-5-0-earthquake-rattles-socal/ … – at Savannah at Southport",official,EmperorHughes
2019-07-05 22:30:18+00:00,,,1147271511322943489,"210 earthquake hit California yesterday FAQ My Earthquake Alerts - Track Earthquakes Worldwide https://www.myearthquakealerts.com View & track worldwide - including US, Nepal & Japan earthquakes, updated automatically. @DalaiLama @angiemartinez @RoyalFamily @srm_tribe @JudgeJudy – at Savannah at Southport",official,EmperorHughes
2019-07-05 22:23:20+00:00,,,1147269760733683712,"Check 210 earthquakes in California My Earthquake Alerts - Track Earthquakes Worldwide https://www.myearthquakealerts.com View & track worldwide - including US, Nepal & Japan earthquakes, updated automatically. 87,000 killed in 210 major earthquakes in Turkey in 117 years @angiemartinez – at Deep Water Channel",official,EmperorHughes
2019-07-05 21:38:16+00:00,,,1147258416403927040,"210 earthquakes hit California Yesterday @angiemartinez NOTICE Form 211 important Itin Alert IRS Alert 3.4 earthquake! Fri Jul 05 10:59:56 PDT 2019 near 19km W of Searles Valley,CA https://earthquake.usgs.gov/earthquakes/eventpage/ci38453719 …pic.twitter.com/t817ePaLDs – at Deep Water Channel",official,EmperorHughes
2019-07-05 21:33:22+00:00,,,1147257182959751168,"Individual Taxpayer Identification Number may expire All ITINs not used on a federal tax return at least once in the last three years will expire on 12-31-2019 @angiemartinez 3.4 earthquake! Fri Jul 05 10:59:56 PDT 2019 near 19km W of Searles Valley, CA https://earthquake.usgs.gov/earthquakes/eventpage/ci38453719 …pic.twitter.com/XLxdhxKupv – at Deep Water Channel",official,EmperorHughes
2019-07-05 20:48:41+00:00,,#emergencymanagement,1147245941075914754,"Doing that #emergencymanagement thing. The M6.4 earthquake around Ridgecrest yesterday and the subsequent over 300 aftershocks certainly need to be treated with caution (earthquake country). As the pictures show,… https://www.instagram.com/p/BzjI5xAAFin/?igshid=1m1ml54n3tyac …",official,DoctorPlance
2019-07-05 16:06:36+00:00,,,1147174949976588288,"""Brain earthquake"" is a good way to describe what happens when I read the morning news these days.",official,MaeSChaplin
2019-07-05 13:48:59+00:00,,,1147140319999188992,I’m so happy I’m in sac right now smh I heard it was a earthquake in Vegas,official,Kingcoolcode
2019-07-05 08:16:41+00:00,,#mybad #july4th #fireworks #thursdaymood #videooftheday #independenceday #yayarea #sacramento #california #earthquake #music #summertime,1147056692707897344,OOPS! #mybad #july4th #fireworks #thursdaymood #videooftheday ALL ABOUT #independenceday #yayarea #sacramento #california #earthquake #music #summertime spotify @spotifycentral youtubemusic LET'S DO THIS!!… https://www.instagram.com/p/BzhyzORno7d/?igshid=1k4ogb3vgzrnh …,official,BeauTeyMafia3D
2019-07-05 07:27:19+00:00,,#july4th #thursdaymotivation #videooftheday #independenceday #yayarea #sacramento #fireworks #california #earthquake #music #summertime,1147044271318376448,DAM I'M STANDING TO CLOSE FOR A #july4th #thursdaymotivation #videooftheday ALL ABOUT #independenceday #yayarea #sacramento #fireworks #california #earthquake #music #summertime spotify @spotifycentral… https://www.instagram.com/p/BzhtEegn3YM/?igshid=1qzkkbczq1uld …,official,BeauTeyMafia3D
2019-07-05 05:27:34+00:00,,,1147014131704193025,"@angiemartinez Check this app! 6.4 earthquake! Thu Jul 04 10:33:49 PDT 2019 near 12km SW of Searles Valley, CA https://earthquake.usgs.gov/earthquakes/eventpage/ci38443183 … – at Savannah at Southport",official,EmperorHughes
2019-07-05 02:52:39+00:00,,,1146975148743876608,Wishing for an earthquake,official,bobthamobb
2019-07-05 02:26:55+00:00,,#earthquake,1146968671056588802,With the 6.4 in Bakersfield & the 6.2 in Vancouver their will be 1 of equal or larger magnitude between the two probably at the Cali & Oregon line or at the Geysers or on the JuanDeFuca fault within the next 10 days BE PREPARED!! NOT ruling out the San Andreas fault #earthquake,official,medic6423
2019-07-05 01:04:25+00:00,,#Sacramento,1146947908803055616,"People in #Sacramento lying!!! Y’all know damn well , y’all didn’t feel that earthquake",official,BrownskinCrazy
2019-07-05 00:56:23+00:00,,,1146945889040138240,Damn there was an earthquake earlier in LA?,official,ThatDudeShan
2019-07-05 00:55:14+00:00,,#earthquakes #SoCalpic,1146945596948807680,"I’m just saying, that’s a lot of #earthquakes. #SoCalpic.twitter.com/C5bfKNrRwn",official,Dtemblador
2019-07-05 00:20:25+00:00,,,1146936835672723456,"We lived in the Bay Area when the 6.9 Loma Prieta earthquake hit. That’s the one that scared the daylights out of me. Being in the Sacramento area I have only felt one here and it was years ago, I actually thought I was dizzy. https://twitter.com/PauleyP/status/1146917141825781760 …",official,DeeNoel01
2019-07-04 22:36:21+00:00,,,1146910645834489857,Earthquake?!,official,apatty161
2019-07-04 21:41:46+00:00,,,1146896911774801921,6.4-Magnitude Earthquake Rattles Southern California https://www.nytimes.com/2019/07/04/us/earthquake-california.html …,official,altosdeveloper
2019-07-04 21:22:02+00:00,,,1146891943978262528,Earthquake??? Nah fam,official,MisterMels
2019-07-04 20:25:29+00:00,,,1146877715275845632,I love it when people who don’t live in California visit California and a small earthquake happens and they act like the world is ending I just watched a youtube video of a family in line for Twilight Zone Tower Of Terror in 2008 during an earthquake and they freaked out.,official,JEL114Jacob
2019-07-04 19:58:55+00:00,,#laquake,1146871027323981824,Hope everyone’s okay. Just heard about the earthquake in LA. #laquake,official,issagrashid
2019-07-04 19:56:37+00:00,,,1146870447956381698,Who else thinks that the California earthquake could be God's way of diverting attention from Trump's personal parade?,official,MaryAnn26920610
2019-07-04 19:56:05+00:00,,,1146870313428242432,Had to check on all my SoCal reps today. That earthquake was no joke,official,B_Alyssa__
2019-07-04 19:32:41+00:00,,#earthquake,1146864427594964992,Unfolding in SoCal: largest #earthquake in Southern California since Northridge. @IAFC @IFEUSABranchhttps://twitter.com/weatherchannel/status/1146851419795918849 …,official,FireChiefT
2019-07-04 19:19:42+00:00,,,1146861157644304385,Largest earthquakes in decades in SoCal. @latimes says: the dried chiles hanging from a hook on her kitchen wall were all shaking. Now that’s reporting!,official,MarcBurgat
2019-07-04 19:19:29+00:00,,,1146861103189807106,"I'm not saying that 6.4 earthquake in So-Cal today was caused by @bottleandbarlow releasing this Mexican lager with @bikedogbrewing for America's birthday, but I'm also not saying it… https://www.instagram.com/p/BzgZ6GKDdTo/?igshid=1pgurdl70b00y …",official,ModelCytizen
2019-07-04 19:04:45+00:00,,,1146857397849186304,Is it weird that I miss earthquakes,official,goldenRAYEphoto
2019-07-04 18:57:22+00:00,,,1146855537549561857,12 People struck by lightning somebody unresponsive Today just in Blew my King Conch Horn today The fireworks the earthquake the lighting strikes It's our anniversary Lady Angelique Marie @angiemartinez FAQs today 07/04/2019 https://www.newsobserver.com/news/local/article216683735.html … – at Need It Now Records,official,EmperorHughes
2019-07-04 18:54:27+00:00,,#earthquake #Bettergtyourhouseready,1146854804590739456,Man!! Im on 11th floor in hospital and was rolling with the earth quake!! Here in Sac!! Wow! Praying no one hurt. #earthquake Felt #Bettergtyourhouseready,official,RevLo247
2019-07-04 18:51:38+00:00,,,1146854096550293508,i ain’t feel no earthquake,official,MyDickInYoMouth
2019-07-04 18:46:12+00:00,,,1146852726254399488,"I’ve lived in California all my life, and only experienced the smallest earthquake in the world. It was literally a small shake. So lame",official,kqteisgr8
2019-07-04 18:40:14+00:00,,,1146851227646353408,I follow about 5 earthquake feeds on Twitter and yet @oldmanfoster is who notified me about the LA quake. I feel like I’m snoozing here.,official,Liv_Moe
2019-07-04 18:29:50+00:00,,,1146848607439446016,"I seismologist Lucy Jones. While I largely left earthquakes behind when I moved north in 1994 and I don't like to hear about big quakes, she reminds me of growing up in SoCal.",official,scottlay
2019-07-04 18:26:00+00:00,,#Ridgecresthttps,1146847642934079488,truly the only source I go to for earthquake news & facts - hope y’all are ok #Ridgecresthttps://twitter.com/DrLucyJones/status/1146840986464559104 …,official,akzucco
2019-07-04 18:21:36+00:00,,#earthquake,1146846535864336384,precisely! I went to @ktla and @KFIAM640 feeds after searching #earthquake on @Twitter !https://twitter.com/rchlwll/status/1146845790586851329 …,official,richardcostigan
2019-07-04 18:20:28+00:00,,,1146846251201122304,There was an earthquake ?????,official,queenTay2100
2019-07-04 18:19:04+00:00,,#earthquake,1146845901538779136,I hope everyone in Southern California is OK! #earthquake,official,aberr
2019-07-04 17:51:00+00:00,,#earthquake,1146838838318288896,Do you think California will fall into the ocean EARFQUAKE #earthquake,official,itzChRisUbish
2019-07-04 17:40:56+00:00,,,1146836304954445824,Someone is shaking my beer! Earthquake!,official,sacbeers
2019-07-02 22:11:50+00:00,,,1146179702177931265,"This reminds me of the policy after the SF earthquake and citizenship records were lost of testing Chinese residents on how many steps were on their front porch, naming the closest market, etc...",official,paulmitche11
